Unnamed: 0,Lacteos HBE,Precio Lacteos HBE,Lacteos Soriana,Precio Lacteos Soriana,Lacteos Chedraui,Precio Lacteos Chedraui,Lacteos LaComer,Precio Lacteos LaComer
,Caperucita Queso Manchego En Cubos 250 G 250 Gr,73.0,Leche Alpura Deslactosada 1 L,22.5,Leche Alpura Clásica Pasteurizada 1L,20.0,Leche Uht Semidescremada,8.5
,Caperucita Queso Manchego Reducido Grasa 400 G 400 Gr,122.0,Leche Alpura Clásica Entera 1 L,22.9,Frutal Fresa Alpura 250ml,7.5,Leche Uht Entera,20.5
,Zwan Queso Manchego Rallado 250 G 250 Gr,62.0,Leche Alpura Light 1 L,22.9,Frutal Durazno Alpura 250ml,7.5,Leche Uht Deslactosada,30.05
,Zwan Queso Manchego Rebanado 400 G 400 Gr,97.0,Leche Alpura Semidescremada 1 L,22.9,Frutal Piña-Coco Alpura 250ml,7.5,Leche Uht Semidescremada,21.0
,Queso Crema 200 Gr,32.9,Leche Valley Foods Deslactosada Light 1 L,19.75,Yoghurt Alpura Batido Fresa 125g,5.1,Leche Uht Entera,17.08
,Leche Uht Entera 1 Lt,22.9,Leche Valley Foods Light 1 L,18.7,Yoghurt Alpura Batido Durazno 125g,5.1,Leche Uht Semidescremada,8.5
,Leche Almendras Original 1.89 Lt,61.9,Bebida De Soya Ades Sabor A Vainilla 946 Ml,29.5,Yoghurt Alpura Batido Mango 125g,5.1,Leche Uht Deslactosada Light,30.0
,Queso Panela 400 Gr,75.9,Lecha Entera Valley Foods 1 L,18.7,Yoghurt Alpura Batido Manzana 125g,5.1,Leche Fresca Entera,33.05
,Huevo Blanco 30 Pz,62.0,Leche Valley Foods Deslactosada 1 L,19.75,Yoghurt Alpura Batido Zarzamora 125g,5.1,Producto Lacteo Uht Entero,15.65
,Leche Evaporada Regular 360 Gr,16.9,Bebida De Soya Ades Natural 946 Ml,29.0,Yoghurt Alpura Batido Frutos del Bosque 125g,5.1,Leche Uht Semidescremada,8.5
,Leche Condensada 387 Gr 397 Gr,24.0,Bebida De Soya Ades Natural Light 946 Ml,29.0,Yoghurt Alpura Batido Piña-Coco 125g,5.1,Leche Uht Entera,30.0
,Fermentados Natural 400 Gr,30.9,Bebida Original Ades Almendra 946 Ml,40.0,Yoghurt Alpura Batido Natural 125g,4.9,Leche Uht Semidescremada,28.7
,Leche Uht Deslactosada Light 1Lt 1 Lt,23.5,Leche Entera Uht San Marcos 1 Lt,21.5,Yoghurt Alpura Batido Guayaba 125g,5.1,Leche Uht Deslactosada,20.8
,Leche Uht Deslactosada Light 1 Lt,24.0,Leche Valley Foods Semidescremada 1 L,17.9,Leche Lala Orgánica Pasteurizada 1 lt,29.0,Leche Uht Semidescremada,8.5
,Leche Uht Deslactosada Light 1 Lt,24.0,Leche Lala Entera 1 L,22.9,Leche Pasteurizada Monarca 1Lt,17.0,Leche Fresca Light 0 Lactosa,24.95
,Mantequilla Barra Sin Sal 90 Gr,19.5,Leche Lala Deslactosada 1 L,23.0,Leche Lala Pasteurizada Entera 1.80 Lt,30.0,Leche Fresca Entera,29.95
,Mantequilla Barra Con Sal 90 Gr,19.5,Leche Lala Deslactosada Light 1 L,23.0,Leche Lala Past Light 1.80 Lt,32.7,Leche Uht Deslactosada,7.7
,Leche Uht 100 Proteina Reducida Grasa 1 Lt,27.5,Leche Ultra Lala Light 1Lt,22.9,Leche Lala Past Deslac 2% 1.80 Lt,34.5,Leche Uht Deslactosada,17.98
,Huevo Blanco Mediano 30 Pz,58.9,Producto Lacteo Nutrileche 1Lt,16.5,Leche Lala Pas Desla Sem 1.80 Lt,36.7,Leche Fresca Light,33.0
,Yogurt Griego Natural 150 Gr,18.9,Leche Lala 100 Sin Lactosa Light+Proteína 1 L,27.5,Leche Lala Fresca Premium 1 Lt,19.4,Leche Uht Deslactosada Selecta,21.0
,Crema Liquida Regular 450 Ml,33.5,Alimento Líquido De Almendras Lala Vita 960 Ml,41.9,Leche Lala Fresca Entera 1 Lt,19.4,Crema Acida,26.35
,Leche Deslactosada Light 1 Six 6 Lt,130.5,Leche Lala Sin Lactosa +Proteína 1 L,27.5,Leche Lala Fresca Premium 3.8 Lt,65.0,Crema Acida Deslactosada,29.5
,Leche Uht Deslactosada 1 Lt,24.0,Leche Ultra Deslactosada Nutrileche 1 Litro Natural Tetrabrick,16.5,Leche Lala Pasteurizada Light 1 Gal,67.0,Crema Acida Light,26.0
,Leche Almendras Sin Endulzar 1.89 Lt,61.9,Leche Ultra Santa Clara Entera 1Lt,23.2,Leche Lala Fresca Light 1 Lt,19.4,Crema Acida,50.0
,Leche Almendras Vainilla Sin Azucar 1.89 Lt,61.9,Huevo Blanco Precissimo 30 Piezas,59.9,Leche Lala Deslactosada 1L,22.2,Crema Acida,12.7
,Uht Producto Lacteo 1Lt 1 Lt,17.5,Huevo Blanco Paq 30Pz San Juan,65.9,Leche Lala 100 Past Red Gra 330 ml,11.85,Crema Acida,36.0
,Fermentados Sin Azucar Pack 400 Gr,34.9,Huevo Blanco Paq 12Pz San Juan,28.9,Leche Lala 100 Fresca Semidescremada 1 l,26.4,Crema Acida Reducida En Grasa,26.35
,Leche Uht Deslactosada 1.5Lt 1.5 Lt,33.9,Huevo Blanco Paq 18Pz San Juan,41.9,Leche Lala 100 Fresca sin Lac Red Gra 1,25.25,Crema Acida,26.0
,Queso Chihuahua Menonita 550 Gr,89.9,Huevo Blanco Soriana 12 Piezas,25.5,Leche Lala 100 Fresca Red Gra 1 lt,26.4,Crema Acida Reducida En Grasa,13.2
,Huevo Blanco Mediano 18 Pz,47.9,Huevo Blanco Soriana 18 Piezas,39.9,Leche Lala 100 Past Semidescrem 330 ml,11.85,Crema Dulce,44.6
,Leche Uht Deslactosada Semidecremada 1Lt 1 Lt,23.5,Huevo Organico Paq 12 Pz E Él,68.0,Leche Lala 100 Past Entera 1 lt,24.35,Crema Acida Deslactosada,13.5
,Leche Uht Light 1Lt 1 Lt,22.9,Huevo Blanco Orespi Jumbo 20 Piezas,54.9,Leche Lala 100 Fresca sin Lac Sem 1 lt,25.25,Crema Acida Light,13.7
,Leche Uht Light 1 Lt,22.9,Huevo Blanco Orespi Libre Pastoreo 12 Piezas,45.9,Alim Liq Lala Vita Arroz 960 Mililitros,35.1,Crema Acida,50.0
,Leche Uht Deslactosada Entera 1 Lt,24.0,Orespi Huevo Blanco Neto 1080 Gr 18 Pz Paq,45.9,Alim Liq Lala Vita Amaranto 960 Mililitr,35.1,Crema Acida Reducida En Grasa,50.0
,Leche Uht Entera 1Lt 1 Lt,22.9,Orespi Huevo Blanco Neto 1650 Gr 30 Pz Paq,65.9,Leche Lala Yomi Fresa Red Azuc 190 Mili,6.6,Crema Acida Deslactosada,56.5
,Huevo Blanco Mediano 12 Pz,25.9,Orespi Huevo Blanco Neto 720 Gr 12 Pz Paq,28.9,Leche Lala Yomi Chocolate Red Azuc 190 M,6.6,Crema Acida Premium Selecta,29.1
,Huevo Blanco 18 Pz,38.0,Claras De Huevo San Juan 1 Kg,43.9,Leche Lala Yomi Choco 190 Ml 3 Piezas,18.9,Crema Acida Light,57.0
,Yogurt Griego Natural 145 Gr,9.2,Huevo Codorniz Paq 24Pz San Andres,70.25,Leche Lala Yomi Vainilla Red Azuc 190 M,6.6,Crema Natural,31.5
,Mantequilla Sin Sal 90 Gr,15.9,Claras De Huevo San Juan 500 G,25.5,Leche Lala Orgánica Deslactosada UHT 1 L,30.0,Crema Dulce,82.5
,Yogurt Griego Natural 907 Gr,75.9,Crema Líquida Norteñita 450 Ml,33.5,Café con Lala UHT Deslactosada 330g,14.6,Crema Acida,52.5
,Queso Rallado Mezcla Mexicana 300 Gr,75.9,Crema Fresca Lala 431 Ml,27.2,Leche Lala 100 Entera Sin Lactosa 1 Litr,23.7,Huevo Blanco,60.0
,Clara De Huevo 1 Kg,40.0,Crema Ácida Lala Entera 426 Ml,31.6,Leche UHT Lala 100 Deslac Vainilla 330,16.3,Huevo Blanco,36.1
,Queso Manchego 550 Gr,89.9,Crema Ácida Lala Reducida En Grasa 200 Ml,16.6,Leche UHT Lala 100 Deslac Fresa 330 Mil,16.3,Huevo Blanco,38.5
,Huevo Blanco 18 Pz,53.5,Crema Ácida Lala 900 Ml,53.0,Leche UHT Lala 100 Cacao Deslac 330 Mili,16.3,Huevo Blanco,25.0
,Leche Uht Desl Baja En Grasa 1.5Lt 1.5 Lt,33.9,Crema Líquida Norteñita Sirve Fácil 320 Ml,22.75,Alimento Líquido Soy Vita Coco 960 Milil,35.1,Huevo Blanco,28.0
,Leche Uht Entera 1.5 Lt,31.9,Crema Ácida Lala 200 Ml,16.6,Leche Lala Deslac Baja en Grasa UHT 1.5,30.3,Huevo Blanco,46.5
,Crema Liquida Regular 250 Ml,18.9,Crema Fresca Lala 233 Ml,16.6,Leche Lala Entera UHT 1.5 Lt Slim c/Tap,29.9,Huevo Blanco,62.2
,Huevo Mediano Mt 30 Pz,61.0,Crema Ácida Lala Reducida En Grasa 426 Ml,31.6,Alimento Líquido Soy Vita Almendra 960 m,35.1,Huevo Blanco,49.1
,Leche Entera 1 Six 6 Lt,125.9,Crema Ácida Lala Deslactosada 426 Ml,33.4,Leche Lala Café Deslactosada 1 lt 1Pz,27.0,Huevo Blanco,39.63
,Huevo Blanco Jumbo Con Vitamina E 30 Pz,69.5,Lala Media Crema De Leche De  Vaca 250 Ml Minibr,14.0,Leche Yomi Lala Vainilla UHT 1 lt 1Pz,23.5,Huevo Blanco,64.63
,Media Crema 225 Gr,14.5,Crema Norteñita 430 Gramo Pieza,30.4,Leche Yomi Lala Fresa UHT 1 Litros 1 Pz,23.5,Huevo Blanco,81.4
,Formula Lactea Two Pack 2 Lt,34.0,Crema Vegetal Camelia 1 Kg,44.0,Alimento Líquido Soy Vita 3 nueces 960 m,35.1,Huevo Blanco,77.7
,Yogurt Griego Batido Natural Sin Azucar 145 Gr,12.0,Crema Norteña Florentina 250 Ml,16.6,Leche Lala Siluette Plus Deslact 960 ml,24.0,Huevo Blanco,34.7
,Leche Uht Light 1 Lt,16.9,Crema Norteñita 250 Gramo Pieza,19.0,Leche Lala UTH Deslactosada Semi 1.5 lt,31.0,Huevo Blanco,27.44
,Huevo Blanco Mediano 12 Pz,34.9,Crema Ácida Alpura Deslactosada 200 Ml,15.1,Leche Lala 100 Sin Lactosa 1 Litros,23.25,Alimento Liquido Uht Almendra 0 Azucar,41.1
,Leche Uht Entera 1Lt 1 Lt,16.9,Crema Ácida Lala Reducida En Grasa 900 Ml,53.0,Leche Lala 100 Semidescremada 1 Litros,25.35,Alimento Liquido Uht Almendra,41.1
,La Villita Queso Americano 210 Gr,32.0,Leche Evaporada Deslactosada Alpura 376 Gr,15.6,Leche Lala 100 Sin Lactosa Reducida en G,23.35,Alimento Liquido Uht Almendra 0 Azucar,39.5
,Chila Queso Molido 450 Gr 450 Pz,45.0,Crema Ácida Alpura 450 Ml,28.0,Leche Lala 100 Reducida en Grasa 1L,23.35,Alimento Liquido Uht Soya Light,24.5
,Chila Queso Molino 900 Gr 900 Pz,76.0,Crema Ácida Alpura Deslactosada 450 Ml,32.5,Leche Yomi Lala Chocolate UHT 1 lt 1Pz,23.5,Alimento Liquido Uht Coco,32.65
,Leche De Almendra Sin Azucar 946 Ml,43.0,Crema Ácida Alpura 200 Gr,14.65,Leche UHT Lala Orgánica Entera 1 Litros,29.5,Alimento Liquido Uht Coco 0 Azucar,34.95
