Unnamed: 0,Carnes HBE,Precio Carnes HBE,Carnes Soriana,Precio Carnes Soriana,Carnes Chedraui,Precio Carnes Chedraui,Carnes LaComer,Precio Carnes LaComer
,Molida Pulpa Negra De Res 500 Gr,109.0,Hamburguesa Res Fina Sukarne 720 Gr Pz,54.9,Bistec Pulpa Negra Res por kg,149.0,Chuleta Ahumada,89.0
,Molida London Broil De Res 500 Gr,119.0,Diezmillo De Res S/Hueso Rdfs Kg,75.9,Molida de Res por kg,79.9,Molida,111.0
,Molida Pulpa Fina De Res 300 Gr,59.9,Costilla De Res P/Asar Rdfs Kg,79.9,Medallón de Pechuga de Pollo The Farm Food kg,109.0,Pulpa De Pierna,115.7
,Molida Sirloin De Res 300 Gr,61.9,Flecha De Res P/Asar Rdfs Kg,79.9,Milanesa Pulpa Negra de Res kg,164.0,Costilla,118.5
,Pechuga De Pollo S/H 1 Kg,144.0,Higado De Res Rebanado Sukarne 500 Gr,27.9,Filete de Tilapia por Kg,89.9,Chuleta,104.61
,Milanesa Natural De Pollo Paq.De.550Gr 550 Gr,86.9,Filete De Res Rdfs Kg,19.0,Huachinango por Kg,189.0,Lomo,121.4
,Milanesa De Pulpa Negra 1 Kg,219.0,Molida Res Pulpa Negra 95/5 Rancho Don Francisco,84.0,Pulpo por kg,169.0,Filete,145.4
,Pechuga De Pollo Deshuesada 1 Kg,138.9,Menudo De Res Panza Rancho Santa Fe Kg,79.9,Pechuga de Pollo sin Hueso Congelado por Kg,62.9,Milanesa De Pierna,115.0
,Muslo De Pollo Paq.Reg. 1 Kg,68.9,Molida De Pulpa Negra London Broil Rancho Don Francisco Selecta Kg,19.0,Filete de Calamar por kg,99.9,Milanesa De Lomo,139.8
,Pierna Con Muslo De Pollo Corte Americano Fres 1 Kg,25.9,Pulpa Negra Trozo Rancho Don Francisco Selecta,84.0,Tentáculos de Calamar por kg,99.9,Codillo,64.0
,Alco Milanesa Corazon 170 Gr. 170 Gr,29.9,Albondiga Practiryc 480 Gr,82.9,Nugget Aires de Campo de Pollo Orgánico 700g,218.0,Espinazo,131.9
,Molida Clásica De Res 1 Kg,149.0,New York De Res Rdfs Kg,14.0,Huevo Crio  Jumbo 12 Piezas,31.2,Bistec De Pierna,95.0
,Fajita De Pollo 1 Kg,144.0,Milanesa De Res Pulpa Negra Rancho Don Francisco Selecta Kg,69.9,Huevo Nutri Campo Blanco Libre Pastoreo 12 Piezas,52.0,Lomo Ahumado,122.86
,Pierna Y Muslo De Pollo Iqf 1 Kg,25.9,T Bone De Res Rdfs Kg,9.0,Huevo Fresco de Campiña 12 Piezas,49.9,Manitas,62.2
,Pechuga De Pollo C/H S/Piel Empacada 1 Kg,140.9,Molida 90/10 De Res Rancho Don Francisco Selecta Kg,34.9,Huevo Aires de Campo Rojo Orgánico 12 Piezas,62.0,Carrillera Baby Back,134.0
,Pechuga Entera C/H De Pollo Bolsa 1 Kg,109.0,Brisket De Res S/Hueso Rdfs Kg,49.0,Bistec Aires de Campo de Pollo Orgánico kg,295.0,Cabeza De Lomo Sin Hueso,107.0
,Aguja Norteña C/H De Res 1 Kg,209.0,Pulpa Trozo P. Bola De Res Rancho Don Francisco Selecta Kg,49.9,Milanesa Aires de Campo de Pechuga de Pollo Orgánico  kg,269.0,Espaldilla Con Hueso,86.0
,Filete De Mojarra Natural 1 Kg,149.0,Hueso De Res Tuetanero Rancho Santa Fe Kg,79.9,Huevo Aires de Campo Blanco Orgánico 12 Piezas,61.0,Hueso Pozolero,40.4
,Molida De Res 95/5 400 Gr,70.9,Bisteck Estrella De Res Rdfs Kg,8.9,Pechuga Aires de Campo de Pollo Deshuesada Orgánico  kg,245.0,Lomo Mexicano,122.54
,Chuleta Ahumada Paq. Fam 1 Kg,89.9,Carne De Res P/Asar Rdfs Kg,49.9,Atún Sakudori Netmar por kg,279.0,New York,152.0
,Pierna De Cerdo C/H Rebanada 1 Kg,79.9,Sirloin De Res C/H Rdfs Kg,49.0,Huevo de Gallina Libre Pastoreo Rojo 12 Piezas,56.0,Milanesa De Pechuga,135.0
,Brisket De Res 1 Kg,199.0,Res Deshebrada Practiryc 280 Gr,98.9,Pollo Aires de Campo Entero Orgánico  kg,134.0,Pechuga Con Hueso Sin Piel,103.96
,Muslo S/Rs/Piel Empacado 1 Kg,80.9,Carne Para Jugo De Pulpa Negra Rancho Don Francisco Selecta Kg,84.0,Huevo Henne 12 Piezas,36.0,Muslo Sin Piel,69.0
,Milanesa De Pollo Premium 500 Gr,96.9,Carne Trocitos De Res Rancho Don Francisco Selecta Kg,34.9,Hamburguesa Aires de Campo de Pollo Orgánica 6 Piezas,196.0,Pechuga Con Hueso Americano,68.5
,Costilla Norteña S/H De Res 1 Kg,169.0,Milanesa De Cerdo Fresca 1 Kilo,98.9,Huevo Fresco de Gallina Casa de Huevo Libre de Pastoreo 12 Piezas,47.9,Pechuga S/H Cong,99.0
,Heb Fajitas De Pechuga De Pollo Bolsa De 1 Kg,131.0,Chuleta Mixta De Lomo De Cerdo 1 Kg,79.9,Huevo Mi Tierra Rojo Libre Pastoreo 18 Piezas,90.0,Filete De Pechuga,111.0
,Pechuga C/H De Pollo 1 Kg,109.0,Tortita De Papa 1 Kilo,64.9,Huevos Blamcos Campo Vivo Orgánicos 12 piezas,56.5,Pierna Sin Piel,72.7
,Milanesa De Pulpa Blanca 1 Kg,199.0,Lomo De Cerdo Ahumado 1 Kg,14.0,Back Ribs Cerdo por kg,189.0,Muslo,62.0
,Milanesa Marinada D/Pollo Paq.De 550 Gr,86.9,Cabeza Cerdo Kg,36.9,Carne Nutrypol al Pastor 500 gr,73.9,Pechuga Sin Hueso,126.4
,Filete Tilapia Granja Grande 1 Kg,149.0,Costilla Cerdo Huesitos Congelada 1 Kilo,79.9,Fajitas Nutrypol Pechuga Jalapeño 500 gr,83.9,Canal Entera Pollo Selecto 1 Kg,38.0
,Pierna Bate S/Piel Empacado 1 Kg,80.9,Pierna Cerdo S/Hueso Fresca Kg,96.9,Huevo Mi Tierra Blanco Libre Pastoreo 18 Piezas,90.0,Milanesa De Pechuga Congelada,140.5
,Filete De Mojarra Granja En Bolsa 900 Gr,104.0,Don Francisco Selecta Hueso De Cerdo Para Pozole 1 Kg,29.9,Medallones Sierra Madre de Atún 500g,199.0,Pierna Con Muslo Americano,37.86
,Molida De Res 90/10 400 Gr,62.9,Chuleta De Cerdo Fresca 1 Kg,94.9,Pierna con Muslo Aires de Campo de Pollo Orgánico kg,170.0,Pechuga Anatomic,99.32
,Molida De Res 80 / 20 400 Gr,50.9,Lomo Cerdo Natural Kg,99.0,Huevo Rojo Libre de Pastoreo de Rancho 12 Piezas,50.5,Molida De Pechuga,130.0
,Milanesa De Pollo Congelada Bolsa 750 Gr,119.0,Pulpa Trocitos/ Espaldilla De Cerdo 1 Kg,88.9,Milanesa de Res Verdes Motivos 400g,149.0,Pierna Con Muslo Sin Piel,69.4
,Carbon Mezquite De 3 Kg,69.0,Espinazo De Cerdo 1 Kg,36.9,Huevo Crio Libre de Jaula 12,29.9,Pierna Con Muslo,62.0
,Milanesa De Pechuga Aplanada Charola 1 Kg,160.0,Manitas Cerdo Kg,69.9,Huevo San Andres Ranch Rojo 12 Piezas,59.9,Pierna,62.0
,Lomos De Salmon Prev. Cong. 1 Kg,379.0,Pierna De Cerdo C/Hue Cong Sta Fe 1 Kg,59.9,Huevo Gallinita Blanco Libre Pastoreo 12 Piezas,49.9,Alas,68.4
,Cortadillo De Sirloin P/Guisar 1 Kg,189.0,Kacer Chicharron Prensado 1 Kg,52.0,Huevo Doña Pris d Gallina Lib Past 12pz,56.0,Rabadilla,22.8
,Top Sirloin 1 Kg,199.0,Codillo/Chamorro Cerdo Kg,62.9,Huevo Mi Tierra Libre Jaula Rojo 12 Piezas,56.0,Menudencias,22.8
,Arrachera De Res Marinada 600 Gr,159.0,Costilla Cerdo Especial Kg,59.9,Huevo Mi Tierra Libre Jaula Blanco 12 Piezas,52.85,Molida Sirloin 95/5,200.0
,Carne De Res Deshebrada 300 Gr,105.0,Chuleta Lomo Cerdo Ahumada Kg,92.9,Faisan Entero Importado Mcfarlane kg,740.0,Milanesa De Centro,196.0
,Bistec S/H Para Asar De Res Supreme 1 Kg,169.0,Costilla Cerdo Baby Back Kg,19.0,Pichón White por kg,670.0,Milanesa De Bola,187.0
,Carne De Cerdo Tipo Trompo 500 Gr,59.9,Cuero Cerdo Kg,46.9,Entraña Choice Res por kg,429.0,Deshebrada,159.9
,Deshebrada De Pulpa Negra 1 Kg,209.0,Pulpa Trozo /Espaldilla De Cerdo 1 Kg,88.9,Filete Choice de Res por Kg,799.0,Bistec Para Asar,169.3
,Molida De Cerdo 1 Kg,74.9,Chuleta Adobada Rebanada 1 Kg,63.9,BifeAnchoChoice porkg,590.0,Molida Selecta 80/20,158.0
,Milanesa De Pulpa Bola 1 Kg,209.0,Milanesa Lomo Cerdo Empanizada,59.9,Churrasco Choicepor kg,329.0,Fajita De Centro,198.0
,Fajita De Pechuga Natural 500 Gr,79.9,Pierna De  Pollo C/Muslo 1 Pz Kg,19.9,BifedeChorizoChoicepor kg,540.0,Chambarete Sin Hueso,155.0
,Milanesa De Sirloin De Res 1 Kg,209.0,Pollo Entero C/V Bachoco Kg,39.9,Tapa de Rib EyeChoice por kg,670.0,Bistec De Aguayon,198.0
,Aguja Norteña C/H De Res 1 Kg,179.0,Muslo D/Pollo S/Rabad Pilgrim S  Char Kg,63.9,Sirloin Choice Res por kg,229.0,Bistec De Diezmillo,170.4
,Milanesa De Pulpa Negra Junior 1 Kg,239.0,Pie Bat D/Pollo Pilgrim S Pride Char Kg,73.9,New York Choice Res por kg,499.0,Chambarete Con Hueso,104.9
,Picaña De Res Fresca 1 Kg,277.0,Pollo Entero C/V Pilgrim S Pride Kg,42.9,Cow Boy Choice Angus de Res por kg,499.0,Tampiqueña De Filete,459.0
,Muslos De Pollo Amarillo S/Raba Empacado 1 Kg,76.9,Pollo Entero S/V Congelado 1 Pz Kg,32.9,Picaña Choice Res por kg,290.0,Carne Para Asar,175.0
,Costilla Norteña S/H De Res 1 Kg,179.0,Pechuga De Pollo C/Hueso Bachoco Char Kg,91.0,Rib Eye Choice Res kg,679.0,Molida Mixta,125.0
,Salchicha Ahumada Polaca 396 Gr,59.9,Milanesa De Pollo Bachoco Char,39.9,Deshebrada Gusi de Res 310 g,99.0,Medallon De Filete,459.0
,Vampiros De Pulpa Negra En Trocitos 1 Kg,249.0,Pechuga De Pollo Sin Piel 1 Pz Kg,19.9,Pechuga de Pollo con Hueso Anatómico Fresco por Kg,86.0,Milanesa De Contra,176.6
,Ensalada De Surimi 250 Gr,44.0,Pechuga C/Hueso S/Rabadilla Fresca Kg,89.0,Pechuga Corte Americano de Pollo kg,65.0,Bistec Ranchero,176.6
,Ensalada De Surimi Tampico 250 Gr,44.0,Milanesa De Pollo Natural Alco Char,86.5,Huevo Orgánico 12 Piezas,70.0,Pulpa Para Estofado,171.0
,Harina Sazonado Picante 284 Gr,20.5,Deshebrada De Pollo Sk 300Gr,51.25,Huevo Mi Tierra Libre Jaula Blanco 6 Piezas,29.0,Pulpa Fina,171.0
,Harina Sazonada Limon 284 Gr,20.5,Pierna Con Muslo De Pollo,52.0,Boneless Ribs Tony Roma's 454g,139.0,Rib Eye,335.0
